-- phpMyAdmin SQL Dump
-- version 5.2.1-2.fc39
-- https://www.phpmyadmin.net/
--
-- Host: localhost
-- Generation Time: Mar 23, 2025 at 11:16 AM
-- Server version: 8.0.39
-- PHP Version: 8.2.25

SET SQL_MODE = "NO_AUTO_VALUE_ON_ZERO";
START TRANSACTION;
SET time_zone = "+00:00";


/*!40101 SET @OLD_CHARACTER_SET_CLIENT=@@CHARACTER_SET_CLIENT */;
/*!40101 SET @OLD_CHARACTER_SET_RESULTS=@@CHARACTER_SET_RESULTS */;
/*!40101 SET @OLD_COLLATION_CONNECTION=@@COLLATION_CONNECTION */;
/*!40101 SET NAMES utf8mb4 */;

--
-- Database: `cashflow`
--

-- --------------------------------------------------------

--
-- Table structure for table `assets`
--

CREATE TABLE `assets` (
  `id` bigint UNSIGNED NOT NULL,
  `assetCategoryId` bigint NOT NULL,
  `value` bigint NOT NULL,
  `date` date NOT NULL,
  `userId` bigint NOT NULL
) ENGINE=InnoDB DEFAULT CHARSET=utf8 COLLATE=utf8_general_ci;

--
-- Dumping data for table `assets`
--

INSERT INTO `assets` (`id`, `assetCategoryId`, `value`, `date`, `userId`) VALUES
(1, 1, 100000, '2025-03-15', 2),
(2, 2, 200000, '2025-03-15', 2),
(3, 3, 0, '2025-03-15', 2),
(4, 1, 1000, '2025-03-15', 20),
(5, 1, 1000, '2025-03-15', 20),
(6, 1, 1000, '2025-03-15', 20),
(7, 4, 1000, '2025-03-15', 20),
(8, 6, 100, '2025-03-16', 2),
(9, 7, 100, '2025-03-16', 9);

-- --------------------------------------------------------

--
-- Table structure for table `assetsCategory`
--

CREATE TABLE `assetsCategory` (
  `id` bigint UNSIGNED NOT NULL,
  `AssetName` varchar(255) NOT NULL,
  `numberOfItems` bigint NOT NULL,
  `location` varchar(255) NOT NULL
) ENGINE=InnoDB DEFAULT CHARSET=utf8 COLLATE=utf8_general_ci;

--
-- Dumping data for table `assetsCategory`
--

INSERT INTO `assetsCategory` (`id`, `AssetName`, `numberOfItems`, `location`) VALUES
(1, 'cows', 3, 'Loitoktok'),
(2, 'honda dio', 1, 'budapest'),
(3, 'bela', 0, 'budapest'),
(4, 'ust', 10, 'ust'),
(5, 'ust', 10, 'ust'),
(6, 'unkiwn', 1, 'unknown'),
(7, 'Big nyash', 2, 'Nyash'),
(8, 'tako', 1, 'tako');

-- --------------------------------------------------------

--
-- Table structure for table `currency`
--

CREATE TABLE `currency` (
  `id` bigint UNSIGNED NOT NULL,
  `currencyName` bigint NOT NULL,
  `rate` bigint NOT NULL
) ENGINE=InnoDB DEFAULT CHARSET=utf8 COLLATE=utf8_general_ci;

-- --------------------------------------------------------

--
-- Table structure for table `expenses`
--

CREATE TABLE `expenses` (
  `id` bigint UNSIGNED NOT NULL,
  `expensesPriceId` bigint NOT NULL,
  `currId` bigint NOT NULL,
  `expenseCategoryId` bigint NOT NULL,
  `userId` bigint NOT NULL,
  `date` date NOT NULL
) ENGINE=InnoDB DEFAULT CHARSET=utf8 COLLATE=utf8_general_ci;

--
-- Dumping data for table `expenses`
--

INSERT INTO `expenses` (`id`, `expensesPriceId`, `currId`, `expenseCategoryId`, `userId`, `date`) VALUES
(1, 1, 1, 1, 2, '2025-03-15'),
(2, 2, 1, 2, 2, '2025-03-15'),
(3, 3, 1, 3, 2, '2025-03-15'),
(4, 4, 1, 4, 2, '2025-03-15'),
(5, 6, 1, 6, 17, '2025-03-15'),
(6, 5, 1, 5, 17, '2025-03-15'),
(7, 7, 1, 7, 5, '2025-03-15'),
(8, 8, 1, 8, 18, '2025-03-15'),
(9, 1, 1, 1, 1, '2025-03-15'),
(10, 1, 1, 1, 20, '2025-03-15'),
(11, 1, 1, 1, 20, '2025-03-15'),
(12, 9, 1, 9, 20, '2025-03-15'),
(13, 1, 1, 1, 20, '2025-03-15'),
(14, 1, 1, 1, 20, '2025-03-15'),
(15, 1, 1, 1, 20, '2025-03-15'),
(16, 1, 1, 1, 20, '2025-03-15'),
(17, 1, 1, 1, 20, '2025-03-15'),
(18, 1, 1, 1, 20, '2025-03-15'),
(19, 1, 1, 1, 20, '2025-03-15'),
(20, 1, 1, 1, 20, '2025-03-15'),
(21, 1, 1, 1, 20, '2025-03-15'),
(22, 1, 1, 1, 20, '2025-03-15'),
(23, 1, 1, 1, 20, '2025-03-15'),
(24, 1, 1, 1, 20, '2025-03-15'),
(25, 1, 1, 1, 20, '2025-03-15'),
(26, 10, 1, 10, 2, '2025-03-16'),
(27, 11, 1, 11, 2, '2025-03-16'),
(28, 12, 1, 12, 2, '2025-03-16'),
(29, 13, 1, 13, 20, '2025-03-16'),
(30, 14, 1, 14, 20, '2025-03-16'),
(31, 16, 1, 16, 20, '2025-03-16'),
(32, 19, 1, 19, 20, '2025-03-18'),
(33, 20, 1, 20, 20, '2025-03-18'),
(34, 21, 1, 21, 20, '2025-03-18'),
(35, 46, 1, 47, 22, '2025-03-18'),
(36, 777, 1, 777, 22, '2025-03-19'),
(37, 813, 1, 813, 22, '2025-03-19'),
(38, 841, 1, 839, 22, '2025-03-19');

-- --------------------------------------------------------

--
-- Table structure for table `expensesCategory`
--

CREATE TABLE `expensesCategory` (
  `id` bigint UNSIGNED NOT NULL,
  `expenseName` varchar(255) NOT NULL
) ENGINE=InnoDB DEFAULT CHARSET=utf8 COLLATE=utf8_general_ci;

--
-- Dumping data for table `expensesCategory`
--

INSERT INTO `expensesCategory` (`id`, `expenseName`) VALUES
(1, 'food'),
(2, 'drinks'),
(3, 'work'),
(4, 'transport'),
(5, 'Anasa'),
(6, 'Anasa'),
(7, 'luxury'),
(8, 'luxury'),
(9, 'ust'),
(10, 'lost bounty'),
(11, 'Monopoly'),
(12, 'Monopoly'),
(13, 'Kiboko'),
(14, 'Kiboko'),
(15, '00'),
(16, 'Ndege'),
(17, 'tako'),
(18, 'Work'),
(19, 'Food'),
(20, 'Food'),
(21, 'tako'),
(22, 'kiboko'),
(23, 'kiboko'),
(24, 'kiboko'),
(25, 'kiboko'),
(26, 'kiboko'),
(27, 'kiboko'),
(28, 'kiboko'),
(29, 'kiboko'),
(30, 'kiboko'),
(31, 'kiboko'),
(32, 'kiboko'),
(33, 'kiboko'),
(34, 'kiboko'),
(35, 'kiboko'),
(36, 'kiboko'),
(37, 'kiboko'),
(38, 'kiboko'),
(39, 'kiboko'),
(40, 'kiboko'),
(41, 'kiboko'),
(42, 'kiboko'),
(43, 'kiboko'),
(44, 'kiboko'),
(45, 'kiboko'),
(46, 'kiboko'),
(47, 'kiboko'),
(48, 'kiboko'),
(49, 'kiboko'),
(50, 'kiboko'),
(51, 'kiboko'),
(52, 'kiboko'),
(53, 'kiboko'),
(54, 'kiboko'),
(55, 'kiboko'),
(56, 'kiboko'),
(57, 'kiboko'),
(58, 'kiboko'),
(59, 'kiboko'),
(60, 'kiboko'),
(61, 'kiboko'),
(62, 'kiboko'),
(63, 'kiboko'),
(64, 'kiboko'),
(65, 'kiboko'),
(66, 'kiboko'),
(67, 'kiboko'),
(68, 'kiboko'),
(69, 'kiboko'),
(70, 'kiboko'),
(71, 'kiboko'),
(72, 'kiboko'),
(73, 'kiboko'),
(74, 'kiboko'),
(75, 'kiboko'),
(76, 'kiboko'),
(77, 'kiboko'),
(78, 'kiboko'),
(79, 'kiboko'),
(80, 'kiboko'),
(81, 'kiboko'),
(82, 'kiboko'),
(83, 'kiboko'),
(84, 'kiboko'),
(85, 'kiboko'),
(86, 'kiboko'),
(87, 'kiboko'),
(88, 'kiboko'),
(89, 'kiboko'),
(90, 'kiboko'),
(91, 'kiboko'),
(92, 'kiboko'),
(93, 'kiboko'),
(94, 'kiboko'),
(95, 'kiboko'),
(96, 'kiboko'),
(97, 'kiboko'),
(98, 'kiboko'),
(99, 'kiboko'),
(100, 'kiboko'),
(101, 'kiboko'),
(102, 'kiboko'),
(103, 'kiboko'),
(104, 'kiboko'),
(105, 'kiboko'),
(106, 'kiboko'),
(107, 'kiboko'),
(108, 'kiboko'),
(109, 'kiboko'),
(110, 'kiboko'),
(111, 'kiboko'),
(112, 'kiboko'),
(113, 'kiboko'),
(114, 'kiboko'),
(115, 'kiboko'),
(116, 'kiboko'),
(117, 'kiboko'),
(118, 'kiboko'),
(119, 'kiboko'),
(120, 'kiboko'),
(121, 'kiboko'),
(122, 'kiboko'),
(123, 'kiboko'),
(124, 'kiboko'),
(125, 'kiboko'),
(126, 'kiboko'),
(127, 'kiboko'),
(128, 'kiboko'),
(129, 'kiboko'),
(130, 'kiboko'),
(131, 'kiboko'),
(132, 'kiboko'),
(133, 'kiboko'),
(134, 'kiboko'),
(135, 'kiboko'),
(136, 'kiboko'),
(137, 'kiboko'),
(138, 'kiboko'),
(139, 'kiboko'),
(140, 'kiboko'),
(141, 'kiboko'),
(142, 'kiboko'),
(143, 'kiboko'),
(144, 'kiboko'),
(145, 'kiboko'),
(146, 'kiboko'),
(147, 'kiboko'),
(148, 'kiboko'),
(149, 'kiboko'),
(150, 'kiboko'),
(151, 'kiboko'),
(152, 'kiboko'),
(153, 'kiboko'),
(154, 'kiboko'),
(155, 'kiboko'),
(156, 'kiboko'),
(157, 'kiboko'),
(158, 'kiboko'),
(159, 'kiboko'),
(160, 'kiboko'),
(161, 'kiboko'),
(162, 'kiboko'),
(163, 'kiboko'),
(164, 'kiboko'),
(165, 'kiboko'),
(166, 'kiboko'),
(167, 'kiboko'),
(168, 'kiboko'),
(169, 'kiboko'),
(170, 'kiboko'),
(171, 'kiboko'),
(172, 'kiboko'),
(173, 'kiboko'),
(174, 'kiboko'),
(175, 'kiboko'),
(176, 'kiboko'),
(177, 'kiboko'),
(178, 'kiboko'),
(179, 'kiboko'),
(180, 'kiboko'),
(181, 'kiboko'),
(182, 'kiboko'),
(183, 'kiboko'),
(184, 'kiboko'),
(185, 'kiboko'),
(186, 'kiboko'),
(187, 'kiboko'),
(188, 'kiboko'),
(189, 'kiboko'),
(190, 'kiboko'),
(191, 'kiboko'),
(192, 'kiboko'),
(193, 'kiboko'),
(194, 'kiboko'),
(195, 'kiboko'),
(196, 'kiboko'),
(197, 'kiboko'),
(198, 'kiboko'),
(199, 'kiboko'),
(200, 'kiboko'),
(201, 'kiboko'),
(202, 'kiboko'),
(203, 'kiboko'),
(204, 'kiboko'),
(205, 'kiboko'),
(206, 'kiboko'),
(207, 'kiboko'),
(208, 'kiboko'),
(209, 'kiboko'),
(210, 'kiboko'),
(211, 'kiboko'),
(212, 'kiboko'),
(213, 'kiboko'),
(214, 'kiboko'),
(215, 'kiboko'),
(216, 'kiboko'),
(217, 'kiboko'),
(218, 'kiboko'),
(219, 'kiboko'),
(220, 'kiboko'),
(221, 'kiboko'),
(222, 'kiboko'),
(223, 'kiboko'),
(224, 'kiboko'),
(225, 'kiboko'),
(226, 'kiboko'),
(227, 'kiboko'),
(228, 'kiboko'),
(229, 'kiboko'),
(230, 'kiboko'),
(231, 'kiboko'),
(232, 'kiboko'),
(233, 'kiboko'),
(234, 'kiboko'),
(235, 'kiboko'),
(236, 'kiboko'),
(237, 'kiboko'),
(238, 'kiboko'),
(239, 'kiboko'),
(240, 'kiboko'),
(241, 'kiboko'),
(242, 'kiboko'),
(243, 'kiboko'),
(244, 'kiboko'),
(245, 'kiboko'),
(246, 'kiboko'),
(247, 'kiboko'),
(248, 'kiboko'),
(249, 'kiboko'),
(250, 'kiboko'),
(251, 'kiboko'),
(252, 'kiboko'),
(253, 'kiboko'),
(254, 'kiboko'),
(255, 'kiboko'),
(256, 'kiboko'),
(257, 'kiboko'),
(258, 'kiboko'),
(259, 'kiboko'),
(260, 'kiboko'),
(261, 'kiboko'),
(262, 'kiboko'),
(263, 'kiboko'),
(264, 'kiboko'),
(265, 'kiboko'),
(266, 'kiboko'),
(267, 'kiboko'),
(268, 'kiboko'),
(269, 'kiboko'),
(270, 'kiboko'),
(271, 'kiboko'),
(272, 'kiboko'),
(273, 'kiboko'),
(274, 'kiboko'),
(275, 'kiboko'),
(276, 'kiboko'),
(277, 'kiboko'),
(278, 'kiboko'),
(279, 'kiboko'),
(280, 'kiboko'),
(281, 'kiboko'),
(282, 'kiboko'),
(283, 'kiboko'),
(284, 'kiboko'),
(285, 'kiboko'),
(286, 'kiboko'),
(287, 'kiboko'),
(288, 'kiboko'),
(289, 'kiboko'),
(290, 'kiboko'),
(291, 'kiboko'),
(292, 'kiboko'),
(293, 'kiboko'),
(294, 'kiboko'),
(295, 'kiboko'),
(296, 'kiboko'),
(297, 'kiboko'),
(298, 'kiboko'),
(299, 'kiboko'),
(300, 'kiboko'),
(301, 'kiboko'),
(302, 'kiboko'),
(303, 'kiboko'),
(304, 'kiboko'),
(305, 'kiboko'),
(306, 'kiboko'),
(307, 'kiboko'),
(308, 'kiboko'),
(309, 'kiboko'),
(310, 'kiboko'),
(311, 'kiboko'),
(312, 'kiboko'),
(313, 'kiboko'),
(314, 'kiboko'),
(315, 'kiboko'),
(316, 'kiboko'),
(317, 'kiboko'),
(318, 'kiboko'),
(319, 'kiboko'),
(320, 'kiboko'),
(321, 'kiboko'),
(322, 'kiboko'),
(323, 'kiboko'),
(324, 'kiboko'),
(325, 'kiboko'),
(326, 'kiboko'),
(327, 'kiboko'),
(328, 'kiboko'),
(329, 'kiboko'),
(330, 'kiboko'),
(331, 'kiboko'),
(332, 'kiboko'),
(333, 'kiboko'),
(334, 'kiboko'),
(335, 'kiboko'),
(336, 'kiboko'),
(337, 'kiboko'),
(338, 'kiboko'),
(339, 'kiboko'),
(340, 'kiboko'),
(341, 'kiboko'),
(342, 'kiboko'),
(343, 'kiboko'),
(344, 'kiboko'),
(345, 'kiboko'),
(346, 'kiboko'),
(347, 'kiboko'),
(348, 'kiboko'),
(349, 'kiboko'),
(350, 'kiboko'),
(351, 'kiboko'),
(352, 'kiboko'),
(353, 'kiboko'),
(354, 'kiboko'),
(355, 'kiboko'),
(356, 'kiboko'),
(357, 'kiboko'),
(358, 'kiboko'),
(359, 'kiboko'),
(360, 'kiboko'),
(361, 'kiboko'),
(362, 'kiboko'),
(363, 'kiboko'),
(364, 'kiboko'),
(365, 'kiboko'),
(366, 'kiboko'),
(367, 'kiboko'),
(368, 'kiboko'),
(369, 'kiboko'),
(370, 'kiboko'),
(371, 'kiboko'),
(372, 'kiboko'),
(373, 'kiboko'),
(374, 'kiboko'),
(375, 'kiboko'),
(376, 'kiboko'),
(377, 'kiboko'),
(378, 'kiboko'),
(379, 'kiboko'),
(380, 'kiboko'),
(381, 'kiboko'),
(382, 'kiboko'),
(383, 'kiboko'),
(384, 'kiboko'),
(385, 'kiboko'),
(386, 'kiboko'),
(387, 'kiboko'),
(388, 'kiboko'),
(389, 'kiboko'),
(390, 'kiboko'),
(391, 'kiboko'),
(392, 'kiboko'),
(393, 'kiboko'),
(394, 'kiboko'),
(395, 'kiboko'),
(396, 'kiboko'),
(397, 'kiboko'),
(398, 'kiboko'),
(399, 'kiboko'),
(400, 'kiboko'),
(401, 'kiboko'),
(402, 'kiboko'),
(403, 'kiboko'),
(404, 'kiboko'),
(405, 'kiboko'),
(406, 'kiboko'),
(407, 'kiboko'),
(408, 'kiboko'),
(409, 'kiboko'),
(410, 'kiboko'),
(411, 'kiboko'),
(412, 'kiboko'),
(413, 'kiboko'),
(414, 'kiboko'),
(415, 'kiboko'),
(416, 'kiboko'),
(417, 'kiboko'),
(418, 'kiboko'),
(419, 'kiboko'),
(420, 'kiboko'),
(421, 'kiboko'),
(422, 'kiboko'),
(423, 'kiboko'),
(424, 'kiboko'),
(425, 'kiboko'),
(426, 'kiboko'),
(427, 'kiboko'),
(428, 'kiboko'),
(429, 'kiboko'),
(430, 'kiboko'),
(431, 'kiboko'),
(432, 'kiboko'),
(433, 'kiboko'),
(434, 'kiboko'),
(435, 'kiboko'),
(436, 'kiboko'),
(437, 'kiboko'),
(438, 'kiboko'),
(439, 'kiboko'),
(440, 'kiboko'),
(441, 'kiboko'),
(442, 'kiboko'),
(443, 'kiboko'),
(444, 'kiboko'),
(445, 'kiboko'),
(446, 'kiboko'),
(447, 'kiboko'),
(448, 'kiboko'),
(449, 'kiboko'),
(450, 'kiboko'),
(451, 'kiboko'),
(452, 'kiboko'),
(453, 'kiboko'),
(454, 'kiboko'),
(455, 'kiboko'),
(456, 'kiboko'),
(457, 'kiboko'),
(458, 'kiboko'),
(459, 'kiboko'),
(460, 'kiboko'),
(461, 'kiboko'),
(462, 'kiboko'),
(463, 'kiboko'),
(464, 'kiboko'),
(465, 'kiboko'),
(466, 'kiboko'),
(467, 'kiboko'),
(468, 'kiboko'),
(469, 'kiboko'),
(470, 'kiboko'),
(471, 'kiboko'),
(472, 'kiboko'),
(473, 'kiboko'),
(474, 'kiboko'),
(475, 'kiboko'),
(476, 'kiboko'),
(477, 'kiboko'),
(478, 'kiboko'),
(479, 'kiboko'),
(480, 'kiboko'),
(481, 'kiboko'),
(482, 'kiboko'),
(483, 'kiboko'),
(484, 'kiboko'),
(485, 'kiboko'),
(486, 'kiboko'),
(487, 'kiboko'),
(488, 'kiboko'),
(489, 'kiboko'),
(490, 'kiboko'),
(491, 'kiboko'),
(492, 'kiboko'),
(493, 'kiboko'),
(494, 'kiboko'),
(495, 'kiboko'),
(496, 'kiboko'),
(497, 'kiboko'),
(498, 'kiboko'),
(499, 'kiboko'),
(500, 'kiboko'),
(501, 'kiboko'),
(502, 'kiboko'),
(503, 'kiboko'),
(504, 'kiboko'),
(505, 'kiboko'),
(506, 'kiboko'),
(507, 'kiboko'),
(508, 'kiboko'),
(509, 'kiboko'),
(510, 'kiboko'),
(511, 'kiboko'),
(512, 'kiboko'),
(513, 'kiboko'),
(514, 'kiboko'),
(515, 'kiboko'),
(516, 'kiboko'),
(517, 'kiboko'),
(518, 'kiboko'),
(519, 'kiboko'),
(520, 'kiboko'),
(521, 'kiboko'),
(522, 'kiboko'),
(523, 'kiboko'),
(524, 'kiboko'),
(525, 'kiboko'),
(526, 'kiboko'),
(527, 'kiboko'),
(528, 'kiboko'),
(529, 'kiboko'),
(530, 'kiboko'),
(531, 'kiboko'),
(532, 'kiboko'),
(533, 'kiboko'),
(534, 'kiboko'),
(535, 'kiboko'),
(536, 'kiboko'),
(537, 'kiboko'),
(538, 'kiboko'),
(539, 'kiboko'),
(540, 'kiboko'),
(541, 'kiboko'),
(542, 'kiboko'),
(543, 'kiboko'),
(544, 'kiboko'),
(545, 'kiboko'),
(546, 'kiboko'),
(547, 'kiboko'),
(548, 'kiboko'),
(549, 'kiboko'),
(550, 'kiboko'),
(551, 'kiboko'),
(552, 'kiboko'),
(553, 'kiboko'),
(554, 'kiboko'),
(555, 'kiboko'),
(556, 'kiboko'),
(557, 'kiboko'),
(558, 'kiboko'),
(559, 'kiboko'),
(560, 'kiboko'),
(561, 'kiboko'),
(562, 'kiboko'),
(563, 'kiboko'),
(564, 'kiboko'),
(565, 'kiboko'),
(566, 'kiboko'),
(567, 'kiboko'),
(568, 'kiboko'),
(569, 'kiboko'),
(570, 'kiboko'),
(571, 'kiboko'),
(572, 'kiboko'),
(573, 'kiboko'),
(574, 'kiboko'),
(575, 'kiboko'),
(576, 'kiboko'),
(577, 'kiboko'),
(578, 'kiboko'),
(579, 'kiboko'),
(580, 'kiboko'),
(581, 'kiboko'),
(582, 'kiboko'),
(583, 'kiboko'),
(584, 'kiboko'),
(585, 'kiboko'),
(586, 'kiboko'),
(587, 'kiboko'),
(588, 'kiboko'),
(589, 'kiboko'),
(590, 'kiboko'),
(591, 'kiboko'),
(592, 'kiboko'),
(593, 'kiboko'),
(594, 'kiboko'),
(595, 'kiboko'),
(596, 'kiboko'),
(597, 'kiboko'),
(598, 'kiboko'),
(599, 'kiboko'),
(600, 'kiboko'),
(601, 'kiboko'),
(602, 'kiboko'),
(603, 'kiboko'),
(604, 'kiboko'),
(605, 'kiboko'),
(606, 'kiboko'),
(607, 'kiboko'),
(608, 'kiboko'),
(609, 'kiboko'),
(610, 'kiboko'),
(611, 'kiboko'),
(612, 'kiboko'),
(613, 'kiboko'),
(614, 'kiboko'),
(615, 'kiboko'),
(616, 'kiboko'),
(617, 'kiboko'),
(618, 'kiboko'),
(619, 'kiboko'),
(620, 'kiboko'),
(621, 'kiboko'),
(622, 'kiboko'),
(623, 'kiboko'),
(624, 'kiboko'),
(625, 'kiboko'),
(626, 'kiboko'),
(627, 'kiboko'),
(628, 'kiboko'),
(629, 'kiboko'),
(630, 'kiboko'),
(631, 'kiboko'),
(632, 'kiboko'),
(633, 'kiboko'),
(634, 'kiboko'),
(635, 'kiboko'),
(636, 'kiboko'),
(637, 'kiboko'),
(638, 'kiboko'),
(639, 'kiboko'),
(640, 'kiboko'),
(641, 'kiboko'),
(642, 'kiboko'),
(643, 'kiboko'),
(644, 'kiboko'),
(645, 'kiboko'),
(646, 'kiboko'),
(647, 'kiboko'),
(648, 'kiboko'),
(649, 'kiboko'),
(650, 'kiboko'),
(651, 'kiboko'),
(652, 'kiboko'),
(653, 'kiboko'),
(654, 'kiboko'),
(655, 'kiboko'),
(656, 'kiboko'),
(657, 'kiboko'),
(658, 'kiboko'),
(659, 'kiboko'),
(660, 'kiboko'),
(661, 'kiboko'),
(662, 'kiboko'),
(663, 'kiboko'),
(664, 'kiboko'),
(665, 'kiboko'),
(666, 'kiboko'),
(667, 'kiboko'),
(668, 'kiboko'),
(669, 'kiboko'),
(670, 'kiboko'),
(671, 'kiboko'),
(672, 'kiboko'),
(673, 'kiboko'),
(674, 'kiboko'),
(675, 'kiboko'),
(676, 'kiboko'),
(677, 'kiboko'),
(678, 'kiboko'),
(679, 'kiboko'),
(680, 'kiboko'),
(681, 'kiboko'),
(682, 'kiboko'),
(683, 'kiboko'),
(684, 'kiboko'),
(685, 'kiboko'),
(686, 'kiboko'),
(687, 'kiboko'),
(688, 'kiboko'),
(689, 'kiboko'),
(690, 'kiboko'),
(691, 'kiboko'),
(692, 'kiboko'),
(693, 'kiboko'),
(694, 'kiboko'),
(695, 'kiboko'),
(696, 'kiboko'),
(697, 'kiboko'),
(698, 'kiboko'),
(699, 'kiboko'),
(700, 'kiboko'),
(701, 'kiboko'),
(702, 'kiboko'),
(703, 'kiboko'),
(704, 'kiboko'),
(705, 'kiboko'),
(706, 'kiboko'),
(707, 'kiboko'),
(708, 'kiboko'),
(709, 'kiboko'),
(710, 'kiboko'),
(711, 'kiboko'),
(712, 'kiboko'),
(713, 'kiboko'),
(714, 'kiboko'),
(715, 'kiboko'),
(716, 'kiboko'),
(717, 'kiboko'),
(718, 'kiboko'),
(719, 'kiboko'),
(720, 'kiboko'),
(721, 'kiboko'),
(722, 'kiboko'),
(723, 'kiboko'),
(724, 'kiboko'),
(725, 'kiboko'),
(726, 'kiboko'),
(727, 'kiboko'),
(728, 'kiboko'),
(729, 'kiboko'),
(730, 'kiboko'),
(731, 'kiboko'),
(732, 'kiboko'),
(733, 'kiboko'),
(734, 'kiboko'),
(735, 'kiboko'),
(736, 'kiboko'),
(737, 'kiboko'),
(738, 'kiboko'),
(739, 'kiboko'),
(740, 'kiboko'),
(741, 'kiboko'),
(742, 'kiboko'),
(743, 'kiboko'),
(744, 'kiboko'),
(745, 'kiboko'),
(746, 'kiboko'),
(747, 'kiboko'),
(748, 'kiboko'),
(749, 'kiboko'),
(750, 'kiboko'),
(751, 'kiboko'),
(752, 'kiboko'),
(753, 'kiboko'),
(754, 'kiboko'),
(755, 'kiboko'),
(756, 'kiboko'),
(757, 'kiboko'),
(758, 'kiboko'),
(759, 'kiboko'),
(760, 'kiboko'),
(761, 'kiboko'),
(762, 'kiboko'),
(763, 'kiboko'),
(764, 'kiboko'),
(765, 'kiboko'),
(766, 'kiboko'),
(767, 'kiboko'),
(768, 'kiboko'),
(769, 'kiboko'),
(770, 'kiboko'),
(771, 'kiboko'),
(772, 'kiboko'),
(773, 'kiboko'),
(774, 'kiboko'),
(775, 'kiboko'),
(776, 'kiboko'),
(777, 'kiboko'),
(778, 'kiboko'),
(779, 'kiboko'),
(780, 'kiboko'),
(781, 'kiboko'),
(782, 'kiboko'),
(783, 'kiboko'),
(784, 'kiboko'),
(785, 'kiboko'),
(786, 'kiboko'),
(787, 'kiboko'),
(788, 'kiboko'),
(789, 'kiboko'),
(790, 'kiboko'),
(791, 'kiboko'),
(792, 'kiboko'),
(793, 'kiboko'),
(794, 'kiboko'),
(795, 'kiboko'),
(796, 'kiboko'),
(797, 'kiboko'),
(798, 'kiboko'),
(799, 'kiboko'),
(800, 'kiboko'),
(801, 'kiboko'),
(802, 'kiboko'),
(803, 'kiboko'),
(804, 'kiboko'),
(805, 'kiboko'),
(806, 'kiboko'),
(807, 'kiboko'),
(808, 'kiboko'),
(809, 'kiboko'),
(810, 'kiboko'),
(811, 'kiboko'),
(812, 'kiboko'),
(813, 'kiboko'),
(814, 'kiboko'),
(815, 'kiboko'),
(816, 'kiboko'),
(817, 'kiboko'),
(818, 'kiboko'),
(819, 'kiboko'),
(820, 'kiboko'),
(821, 'kiboko'),
(822, 'kiboko'),
(823, 'kiboko'),
(824, 'kiboko'),
(825, 'kiboko'),
(826, 'kiboko'),
(827, 'kiboko'),
(828, 'kiboko'),
(829, 'kiboko'),
(830, 'kiboko'),
(831, 'kiboko'),
(832, 'kiboko'),
(833, 'kiboko'),
(834, 'kiboko'),
(835, 'kiboko'),
(836, 'kiboko'),
(837, 'kiboko'),
(838, 'kiboko'),
(839, 'kiboko'),
(840, 'kiboko'),
(841, 'kiboko'),
(842, 'kiboko'),
(843, 'kiboko'),
(844, 'kiboko'),
(845, 'kiboko'),
(846, 'kiboko'),
(847, 'kiboko'),
(848, 'kiboko'),
(849, 'kiboko'),
(850, 'kiboko'),
(851, 'kiboko'),
(852, 'kiboko'),
(853, 'kiboko'),
(854, 'kiboko'),
(855, 'kiboko'),
(856, 'kiboko'),
(857, 'kiboko'),
(858, 'kiboko'),
(859, 'kiboko'),
(860, 'kiboko'),
(861, 'kiboko'),
(862, 'kiboko'),
(863, 'kiboko'),
(864, 'kiboko'),
(865, 'kiboko'),
(866, 'kiboko'),
(867, 'kiboko'),
(868, 'kiboko'),
(869, 'kiboko'),
(870, 'kiboko'),
(871, 'kiboko'),
(872, 'kiboko'),
(873, 'kiboko'),
(874, 'kiboko'),
(875, 'kiboko'),
(876, 'kiboko'),
(877, 'kiboko'),
(878, 'kiboko'),
(879, 'kiboko'),
(880, 'kiboko'),
(881, 'kiboko'),
(882, 'kiboko'),
(883, 'kiboko'),
(884, 'kiboko'),
(885, 'kiboko'),
(886, 'kiboko'),
(887, 'kiboko'),
(888, 'kiboko'),
(889, 'kiboko'),
(890, 'kiboko'),
(891, 'kiboko'),
(892, 'kiboko'),
(893, 'kiboko'),
(894, 'kiboko'),
(895, 'kiboko'),
(896, 'kiboko'),
(897, 'kiboko'),
(898, 'kiboko'),
(899, 'kiboko'),
(900, 'kiboko'),
(901, 'kiboko'),
(902, 'kiboko'),
(903, 'kiboko'),
(904, 'kiboko'),
(905, 'kiboko'),
(906, 'kiboko'),
(907, 'kiboko'),
(908, 'kiboko'),
(909, 'kiboko'),
(910, 'kiboko'),
(911, 'kiboko'),
(912, 'kiboko'),
(913, 'kiboko'),
(914, 'kiboko'),
(915, 'kiboko'),
(916, 'kiboko'),
(917, 'kiboko'),
(918, 'kiboko');

-- --------------------------------------------------------

--
-- Table structure for table `expensesPrice`
--

CREATE TABLE `expensesPrice` (
  `id` bigint UNSIGNED NOT NULL,
  `itemName` varchar(55) NOT NULL,
  `Price` bigint NOT NULL
) ENGINE=InnoDB DEFAULT CHARSET=utf8 COLLATE=utf8_general_ci;

--
-- Dumping data for table `expensesPrice`
--

INSERT INTO `expensesPrice` (`id`, `itemName`, `Price`) VALUES
(1, 'food', 1200),
(2, 'wine and glass', 2000),
(3, 'benzene', 5000),
(4, 'train ticket', 5000),
(5, 'Shawries', 2500),
(6, 'Shawries', 2500),
(7, 'watch', 123),
(8, 'watch', 122),
(9, 'test', 1000),
(10, 'lost bunty', 200),
(11, 'Ndegwa', 66765),
(12, 'Maandazi', 10000),
(13, 'Ngumi', 10000),
(14, 'another one', 100000),
(15, 'Denis', 90),
(16, 'Aviator', 1000),
(17, 'tako', 100),
(18, 'Benzene', 100),
(19, 'Food', 2),
(20, 'Snack', 1),
(21, 'tako', 1),
(22, 'kiboko', 8888),
(23, 'kiboko', 12),
(24, 'kiboko', 9),
(25, 'kiboko', 1),
(26, 'kiboko', 1),
(27, 'kiboko', 1),
(28, 'kiboko', 1),
(29, 'kiboko', 1),
(30, 'kiboko', 1),
(31, 'kiboko', 1),
(32, 'kiboko', 1),
(33, 'kiboko', 1),
(34, 'kiboko', 1),
(35, 'kiboko', 1),
(36, 'kiboko', 1),
(37, 'kiboko', 1),
(38, 'kiboko', 1),
(39, 'kiboko', 1),
(40, 'kiboko', 1),
(41, 'kiboko', 1),
(42, 'kiboko', 1),
(43, 'kiboko', 1),
(44, 'kiboko', 1),
(45, 'kiboko', 1),
(46, 'kiboko', 1),
(47, 'kiboko', 1),
(48, 'kiboko', 1),
(49, 'kiboko', 1),
(50, 'kiboko', 1),
(51, 'kiboko', 1),
(52, 'kiboko', 1),
(53, 'kiboko', 1),
(54, 'kiboko', 1),
(55, 'kiboko', 1),
(56, 'kiboko', 1),
(57, 'kiboko', 1),
(58, 'kiboko', 1),
(59, 'kiboko', 1),
(60, 'kiboko', 1),
(61, 'kiboko', 1),
(62, 'kiboko', 1),
(63, 'kiboko', 1),
(64, 'kiboko', 1),
(65, 'kiboko', 1),
(66, 'kiboko', 1),
(67, 'kiboko', 1),
(68, 'kiboko', 1),
(69, 'kiboko', 1),
(70, 'kiboko', 1),
(71, 'kiboko', 1),
(72, 'kiboko', 1),
(73, 'kiboko', 1),
(74, 'kiboko', 1),
(75, 'kiboko', 1),
(76, 'kiboko', 1),
(77, 'kiboko', 1),
(78, 'kiboko', 1),
(79, 'kiboko', 1),
(80, 'kiboko', 1),
(81, 'kiboko', 1),
(82, 'kiboko', 1),
(83, 'kiboko', 1),
(84, 'kiboko', 1),
(85, 'kiboko', 1),
(86, 'kiboko', 1),
(87, 'kiboko', 1),
(88, 'kiboko', 1),
(89, 'kiboko', 1),
(90, 'kiboko', 1),
(91, 'kiboko', 1),
(92, 'kiboko', 1),
(93, 'kiboko', 1),
(94, 'kiboko', 1),
(95, 'kiboko', 1),
(96, 'kiboko', 1),
(97, 'kiboko', 1),
(98, 'kiboko', 1),
(99, 'kiboko', 1),
(100, 'kiboko', 1),
(101, 'kiboko', 1),
(102, 'kiboko', 1),
(103, 'kiboko', 1),
(104, 'kiboko', 1),
(105, 'kiboko', 1),
(106, 'kiboko', 1),
(107, 'kiboko', 1),
(108, 'kiboko', 1),
(109, 'kiboko', 1),
(110, 'kiboko', 1),
(111, 'kiboko', 1),
(112, 'kiboko', 1),
(113, 'kiboko', 1),
(114, 'kiboko', 1),
(115, 'kiboko', 1),
(116, 'kiboko', 1),
(117, 'kiboko', 1),
(118, 'kiboko', 1),
(119, 'kiboko', 1),
(120, 'kiboko', 1),
(121, 'kiboko', 1),
(122, 'kiboko', 1),
(123, 'kiboko', 1),
(124, 'kiboko', 1),
(125, 'kiboko', 1),
(126, 'kiboko', 1),
(127, 'kiboko', 1),
(128, 'kiboko', 1),
(129, 'kiboko', 1),
(130, 'kiboko', 1),
(131, 'kiboko', 1),
(132, 'kiboko', 1),
(133, 'kiboko', 1),
(134, 'kiboko', 1),
(135, 'kiboko', 1),
(136, 'kiboko', 1),
(137, 'kiboko', 1),
(138, 'kiboko', 1),
(139, 'kiboko', 1),
(140, 'kiboko', 1),
(141, 'kiboko', 1),
(142, 'kiboko', 1),
(143, 'kiboko', 1),
(144, 'kiboko', 1),
(145, 'kiboko', 1),
(146, 'kiboko', 1),
(147, 'kiboko', 1),
(148, 'kiboko', 1),
(149, 'kiboko', 1),
(150, 'kiboko', 1),
(151, 'kiboko', 1),
(152, 'kiboko', 1),
(153, 'kiboko', 1),
(154, 'kiboko', 1),
(155, 'kiboko', 1),
(156, 'kiboko', 1),
(157, 'kiboko', 1),
(158, 'kiboko', 1),
(159, 'kiboko', 1),
(160, 'kiboko', 1),
(161, 'kiboko', 1),
(162, 'kiboko', 1),
(163, 'kiboko', 1),
(164, 'kiboko', 1),
(165, 'kiboko', 1),
(166, 'kiboko', 1),
(167, 'kiboko', 1),
(168, 'kiboko', 1),
(169, 'kiboko', 1),
(170, 'kiboko', 1),
(171, 'kiboko', 1),
(172, 'kiboko', 1),
(173, 'kiboko', 1),
(174, 'kiboko', 1),
(175, 'kiboko', 1),
(176, 'kiboko', 1),
(177, 'kiboko', 1),
(178, 'kiboko', 1),
(179, 'kiboko', 1),
(180, 'kiboko', 1),
(181, 'kiboko', 1),
(182, 'kiboko', 1),
(183, 'kiboko', 1),
(184, 'kiboko', 1),
(185, 'kiboko', 1),
(186, 'kiboko', 1),
(187, 'kiboko', 1),
(188, 'kiboko', 1),
(189, 'kiboko', 1),
(190, 'kiboko', 1),
(191, 'kiboko', 1),
(192, 'kiboko', 1),
(193, 'kiboko', 1),
(194, 'kiboko', 1),
(195, 'kiboko', 1),
(196, 'kiboko', 1),
(197, 'kiboko', 1),
(198, 'kiboko', 1),
(199, 'kiboko', 1),
(200, 'kiboko', 1),
(201, 'kiboko', 1),
(202, 'kiboko', 1),
(203, 'kiboko', 1),
(204, 'kiboko', 1),
(205, 'kiboko', 1),
(206, 'kiboko', 1),
(207, 'kiboko', 1),
(208, 'kiboko', 1),
(209, 'kiboko', 1),
(210, 'kiboko', 1),
(211, 'kiboko', 1),
(212, 'kiboko', 1),
(213, 'kiboko', 1),
(214, 'kiboko', 1),
(215, 'kiboko', 1),
(216, 'kiboko', 1),
(217, 'kiboko', 1),
(218, 'kiboko', 1),
(219, 'kiboko', 1),
(220, 'kiboko', 1),
(221, 'kiboko', 1),
(222, 'kiboko', 1),
(223, 'kiboko', 1),
(224, 'kiboko', 1),
(225, 'kiboko', 1),
(226, 'kiboko', 1),
(227, 'kiboko', 1),
(228, 'kiboko', 1),
(229, 'kiboko', 1),
(230, 'kiboko', 1),
(231, 'kiboko', 1),
(232, 'kiboko', 1),
(233, 'kiboko', 1),
(234, 'kiboko', 1),
(235, 'kiboko', 1),
(236, 'kiboko', 1),
(237, 'kiboko', 1),
(238, 'kiboko', 1),
(239, 'kiboko', 1),
(240, 'kiboko', 1),
(241, 'kiboko', 1),
(242, 'kiboko', 1),
(243, 'kiboko', 1),
(244, 'kiboko', 1),
(245, 'kiboko', 1),
(246, 'kiboko', 1),
(247, 'kiboko', 1),
(248, 'kiboko', 1),
(249, 'kiboko', 1),
(250, 'kiboko', 1),
(251, 'kiboko', 1),
(252, 'kiboko', 1),
(253, 'kiboko', 1),
(254, 'kiboko', 1),
(255, 'kiboko', 1),
(256, 'kiboko', 1),
(257, 'kiboko', 1),
(258, 'kiboko', 1),
(259, 'kiboko', 1),
(260, 'kiboko', 1),
(261, 'kiboko', 1),
(262, 'kiboko', 1),
(263, 'kiboko', 1),
(264, 'kiboko', 1),
(265, 'kiboko', 1),
(266, 'kiboko', 1),
(267, 'kiboko', 1),
(268, 'kiboko', 1),
(269, 'kiboko', 1),
(270, 'kiboko', 1),
(271, 'kiboko', 1),
(272, 'kiboko', 1),
(273, 'kiboko', 1),
(274, 'kiboko', 1),
(275, 'kiboko', 1),
(276, 'kiboko', 1),
(277, 'kiboko', 1),
(278, 'kiboko', 1),
(279, 'kiboko', 1),
(280, 'kiboko', 1),
(281, 'kiboko', 1),
(282, 'kiboko', 1),
(283, 'kiboko', 1),
(284, 'kiboko', 1),
(285, 'kiboko', 1),
(286, 'kiboko', 1),
(287, 'kiboko', 1),
(288, 'kiboko', 1),
(289, 'kiboko', 1),
(290, 'kiboko', 1),
(291, 'kiboko', 1),
(292, 'kiboko', 1),
(293, 'kiboko', 1),
(294, 'kiboko', 1),
(295, 'kiboko', 1),
(296, 'kiboko', 1),
(297, 'kiboko', 1),
(298, 'kiboko', 1),
(299, 'kiboko', 1),
(300, 'kiboko', 1),
(301, 'kiboko', 1),
(302, 'kiboko', 1),
(303, 'kiboko', 1),
(304, 'kiboko', 1),
(305, 'kiboko', 1),
(306, 'kiboko', 1),
(307, 'kiboko', 1),
(308, 'kiboko', 1),
(309, 'kiboko', 1),
(310, 'kiboko', 1),
(311, 'kiboko', 1),
(312, 'kiboko', 1),
(313, 'kiboko', 1),
(314, 'kiboko', 1),
(315, 'kiboko', 1),
(316, 'kiboko', 1),
(317, 'kiboko', 1),
(318, 'kiboko', 1),
(319, 'kiboko', 1),
(320, 'kiboko', 1),
(321, 'kiboko', 1),
(322, 'kiboko', 1),
(323, 'kiboko', 1),
(324, 'kiboko', 1),
(325, 'kiboko', 1),
(326, 'kiboko', 1),
(327, 'kiboko', 1),
(328, 'kiboko', 1),
(329, 'kiboko', 1),
(330, 'kiboko', 1),
(331, 'kiboko', 1),
(332, 'kiboko', 1),
(333, 'kiboko', 1),
(334, 'kiboko', 1),
(335, 'kiboko', 1),
(336, 'kiboko', 1),
(337, 'kiboko', 1),
(338, 'kiboko', 1),
(339, 'kiboko', 1),
(340, 'kiboko', 1),
(341, 'kiboko', 1),
(342, 'kiboko', 1),
(343, 'kiboko', 1),
(344, 'kiboko', 1),
(345, 'kiboko', 1),
(346, 'kiboko', 1),
(347, 'kiboko', 1),
(348, 'kiboko', 1),
(349, 'kiboko', 1),
(350, 'kiboko', 1),
(351, 'kiboko', 1),
(352, 'kiboko', 1),
(353, 'kiboko', 1),
(354, 'kiboko', 1),
(355, 'kiboko', 1),
(356, 'kiboko', 1),
(357, 'kiboko', 1),
(358, 'kiboko', 1),
(359, 'kiboko', 1),
(360, 'kiboko', 1),
(361, 'kiboko', 1),
(362, 'kiboko', 1),
(363, 'kiboko', 1),
(364, 'kiboko', 1),
(365, 'kiboko', 1),
(366, 'kiboko', 1),
(367, 'kiboko', 1),
(368, 'kiboko', 1),
(369, 'kiboko', 1),
(370, 'kiboko', 1),
(371, 'kiboko', 1),
(372, 'kiboko', 1),
(373, 'kiboko', 1),
(374, 'kiboko', 1),
(375, 'kiboko', 1),
(376, 'kiboko', 1),
(377, 'kiboko', 1),
(378, 'kiboko', 1),
(379, 'kiboko', 1),
(380, 'kiboko', 1),
(381, 'kiboko', 1),
(382, 'kiboko', 1),
(383, 'kiboko', 1),
(384, 'kiboko', 1),
(385, 'kiboko', 1),
(386, 'kiboko', 1),
(387, 'kiboko', 1),
(388, 'kiboko', 1),
(389, 'kiboko', 1),
(390, 'kiboko', 1),
(391, 'kiboko', 1),
(392, 'kiboko', 1),
(393, 'kiboko', 1),
(394, 'kiboko', 1),
(395, 'kiboko', 1),
(396, 'kiboko', 1),
(397, 'kiboko', 1),
(398, 'kiboko', 1),
(399, 'kiboko', 1),
(400, 'kiboko', 1),
(401, 'kiboko', 1),
(402, 'kiboko', 1),
(403, 'kiboko', 1),
(404, 'kiboko', 1),
(405, 'kiboko', 1),
(406, 'kiboko', 1),
(407, 'kiboko', 1),
(408, 'kiboko', 1),
(409, 'kiboko', 1),
(410, 'kiboko', 1),
(411, 'kiboko', 1),
(412, 'kiboko', 1),
(413, 'kiboko', 1),
(414, 'kiboko', 1),
(415, 'kiboko', 1),
(416, 'kiboko', 1),
(417, 'kiboko', 1),
(418, 'kiboko', 1),
(419, 'kiboko', 1),
(420, 'kiboko', 1),
(421, 'kiboko', 1),
(422, 'kiboko', 1),
(423, 'kiboko', 1),
(424, 'kiboko', 1),
(425, 'kiboko', 1),
(426, 'kiboko', 1),
(427, 'kiboko', 1),
(428, 'kiboko', 1),
(429, 'kiboko', 1),
(430, 'kiboko', 1),
(431, 'kiboko', 1),
(432, 'kiboko', 1),
(433, 'kiboko', 1),
(434, 'kiboko', 1),
(435, 'kiboko', 1),
(436, 'kiboko', 1),
(437, 'kiboko', 1),
(438, 'kiboko', 1),
(439, 'kiboko', 1),
(440, 'kiboko', 1),
(441, 'kiboko', 1),
(442, 'kiboko', 1),
(443, 'kiboko', 1),
(444, 'kiboko', 1),
(445, 'kiboko', 1),
(446, 'kiboko', 1),
(447, 'kiboko', 1),
(448, 'kiboko', 1),
(449, 'kiboko', 1),
(450, 'kiboko', 1),
(451, 'kiboko', 1),
(452, 'kiboko', 1),
(453, 'kiboko', 1),
(454, 'kiboko', 1),
(455, 'kiboko', 1),
(456, 'kiboko', 1),
(457, 'kiboko', 1),
(458, 'kiboko', 1),
(459, 'kiboko', 1),
(460, 'kiboko', 1),
(461, 'kiboko', 1),
(462, 'kiboko', 1),
(463, 'kiboko', 1),
(464, 'kiboko', 1),
(465, 'kiboko', 1),
(466, 'kiboko', 1),
(467, 'kiboko', 1),
(468, 'kiboko', 1),
(469, 'kiboko', 1),
(470, 'kiboko', 1),
(471, 'kiboko', 1),
(472, 'kiboko', 1),
(473, 'kiboko', 1),
(474, 'kiboko', 1),
(475, 'kiboko', 1),
(476, 'kiboko', 1),
(477, 'kiboko', 1),
(478, 'kiboko', 1),
(479, 'kiboko', 1),
(480, 'kiboko', 1),
(481, 'kiboko', 1),
(482, 'kiboko', 1),
(483, 'kiboko', 1),
(484, 'kiboko', 1),
(485, 'kiboko', 1),
(486, 'kiboko', 1),
(487, 'kiboko', 1),
(488, 'kiboko', 1),
(489, 'kiboko', 1),
(490, 'kiboko', 1),
(491, 'kiboko', 1),
(492, 'kiboko', 1),
(493, 'kiboko', 1),
(494, 'kiboko', 1),
(495, 'kiboko', 1),
(496, 'kiboko', 1),
(497, 'kiboko', 1),
(498, 'kiboko', 1),
(499, 'kiboko', 1),
(500, 'kiboko', 1),
(501, 'kiboko', 1),
(502, 'kiboko', 1),
(503, 'kiboko', 1),
(504, 'kiboko', 1),
(505, 'kiboko', 1),
(506, 'kiboko', 1),
(507, 'kiboko', 1),
(508, 'kiboko', 1),
(509, 'kiboko', 1),
(510, 'kiboko', 1),
(511, 'kiboko', 1),
(512, 'kiboko', 1),
(513, 'kiboko', 1),
(514, 'kiboko', 1),
(515, 'kiboko', 1),
(516, 'kiboko', 1),
(517, 'kiboko', 1),
(518, 'kiboko', 1),
(519, 'kiboko', 1),
(520, 'kiboko', 1),
(521, 'kiboko', 1),
(522, 'kiboko', 1),
(523, 'kiboko', 1),
(524, 'kiboko', 1),
(525, 'kiboko', 1),
(526, 'kiboko', 1),
(527, 'kiboko', 1),
(528, 'kiboko', 1),
(529, 'kiboko', 1),
(530, 'kiboko', 1),
(531, 'kiboko', 1),
(532, 'kiboko', 1),
(533, 'kiboko', 1),
(534, 'kiboko', 1),
(535, 'kiboko', 1),
(536, 'kiboko', 1),
(537, 'kiboko', 1),
(538, 'kiboko', 1),
(539, 'kiboko', 1),
(540, 'kiboko', 1),
(541, 'kiboko', 1),
(542, 'kiboko', 1),
(543, 'kiboko', 1),
(544, 'kiboko', 1),
(545, 'kiboko', 1),
(546, 'kiboko', 1),
(547, 'kiboko', 1),
(548, 'kiboko', 1),
(549, 'kiboko', 1),
(550, 'kiboko', 1),
(551, 'kiboko', 1),
(552, 'kiboko', 1),
(553, 'kiboko', 1),
(554, 'kiboko', 1),
(555, 'kiboko', 1),
(556, 'kiboko', 1),
(557, 'kiboko', 1),
(558, 'kiboko', 1),
(559, 'kiboko', 1),
(560, 'kiboko', 1),
(561, 'kiboko', 1),
(562, 'kiboko', 1),
(563, 'kiboko', 1),
(564, 'kiboko', 1),
(565, 'kiboko', 1),
(566, 'kiboko', 1),
(567, 'kiboko', 1),
(568, 'kiboko', 1),
(569, 'kiboko', 1),
(570, 'kiboko', 1),
(571, 'kiboko', 1),
(572, 'kiboko', 1),
(573, 'kiboko', 1),
(574, 'kiboko', 1),
(575, 'kiboko', 1),
(576, 'kiboko', 1),
(577, 'kiboko', 1),
(578, 'kiboko', 1),
(579, 'kiboko', 1),
(580, 'kiboko', 1),
(581, 'kiboko', 1),
(582, 'kiboko', 1),
(583, 'kiboko', 1),
(584, 'kiboko', 1),
(585, 'kiboko', 1),
(586, 'kiboko', 1),
(587, 'kiboko', 1),
(588, 'kiboko', 1),
(589, 'kiboko', 1),
(590, 'kiboko', 1),
(591, 'kiboko', 1),
(592, 'kiboko', 1),
(593, 'kiboko', 1),
(594, 'kiboko', 1),
(595, 'kiboko', 1),
(596, 'kiboko', 1),
(597, 'kiboko', 1),
(598, 'kiboko', 1),
(599, 'kiboko', 1),
(600, 'kiboko', 1),
(601, 'kiboko', 1),
(602, 'kiboko', 1),
(603, 'kiboko', 1),
(604, 'kiboko', 1),
(605, 'kiboko', 1),
(606, 'kiboko', 1),
(607, 'kiboko', 1),
(608, 'kiboko', 1),
(609, 'kiboko', 1),
(610, 'kiboko', 1),
(611, 'kiboko', 1),
(612, 'kiboko', 1),
(613, 'kiboko', 1),
(614, 'kiboko', 1),
(615, 'kiboko', 1),
(616, 'kiboko', 1),
(617, 'kiboko', 1),
(618, 'kiboko', 1),
(619, 'kiboko', 1),
(620, 'kiboko', 1),
(621, 'kiboko', 1),
(622, 'kiboko', 1),
(623, 'kiboko', 1),
(624, 'kiboko', 1),
(625, 'kiboko', 1),
(626, 'kiboko', 1),
(627, 'kiboko', 1),
(628, 'kiboko', 1),
(629, 'kiboko', 1),
(630, 'kiboko', 1),
(631, 'kiboko', 1),
(632, 'kiboko', 1),
(633, 'kiboko', 1),
(634, 'kiboko', 1),
(635, 'kiboko', 1),
(636, 'kiboko', 1),
(637, 'kiboko', 1),
(638, 'kiboko', 1),
(639, 'kiboko', 1),
(640, 'kiboko', 1),
(641, 'kiboko', 1),
(642, 'kiboko', 1),
(643, 'kiboko', 1),
(644, 'kiboko', 1),
(645, 'kiboko', 1),
(646, 'kiboko', 1),
(647, 'kiboko', 1),
(648, 'kiboko', 1),
(649, 'kiboko', 1),
(650, 'kiboko', 1),
(651, 'kiboko', 1),
(652, 'kiboko', 1),
(653, 'kiboko', 1),
(654, 'kiboko', 1),
(655, 'kiboko', 1),
(656, 'kiboko', 1),
(657, 'kiboko', 1),
(658, 'kiboko', 1),
(659, 'kiboko', 1),
(660, 'kiboko', 1),
(661, 'kiboko', 1),
(662, 'kiboko', 1),
(663, 'kiboko', 1),
(664, 'kiboko', 1),
(665, 'kiboko', 1),
(666, 'kiboko', 1),
(667, 'kiboko', 1),
(668, 'kiboko', 1),
(669, 'kiboko', 1),
(670, 'kiboko', 1),
(671, 'kiboko', 1),
(672, 'kiboko', 1),
(673, 'kiboko', 1),
(674, 'kiboko', 1),
(675, 'kiboko', 1),
(676, 'kiboko', 1),
(677, 'kiboko', 1),
(678, 'kiboko', 1),
(679, 'kiboko', 1),
(680, 'kiboko', 1),
(681, 'kiboko', 1),
(682, 'kiboko', 1),
(683, 'kiboko', 1),
(684, 'kiboko', 1),
(685, 'kiboko', 1),
(686, 'kiboko', 1),
(687, 'kiboko', 1),
(688, 'kiboko', 1),
(689, 'kiboko', 1),
(690, 'kiboko', 1),
(691, 'kiboko', 1),
(692, 'kiboko', 1),
(693, 'kiboko', 1),
(694, 'kiboko', 1),
(695, 'kiboko', 1),
(696, 'kiboko', 1),
(697, 'kiboko', 1),
(698, 'kiboko', 1),
(699, 'kiboko', 1),
(700, 'kiboko', 1),
(701, 'kiboko', 1),
(702, 'kiboko', 1),
(703, 'kiboko', 1),
(704, 'kiboko', 1),
(705, 'kiboko', 1),
(706, 'kiboko', 1),
(707, 'kiboko', 1),
(708, 'kiboko', 1),
(709, 'kiboko', 1),
(710, 'kiboko', 1),
(711, 'kiboko', 1),
(712, 'kiboko', 1),
(713, 'kiboko', 1),
(714, 'kiboko', 1),
(715, 'kiboko', 1),
(716, 'kiboko', 1),
(717, 'kiboko', 1),
(718, 'kiboko', 1),
(719, 'kiboko', 1),
(720, 'kiboko', 1),
(721, 'kiboko', 1),
(722, 'kiboko', 1),
(723, 'kiboko', 1),
(724, 'kiboko', 1),
(725, 'kiboko', 1),
(726, 'kiboko', 1),
(727, 'kiboko', 1),
(728, 'kiboko', 1),
(729, 'kiboko', 1),
(730, 'kiboko', 1),
(731, 'kiboko', 1),
(732, 'kiboko', 1),
(733, 'kiboko', 1),
(734, 'kiboko', 1),
(735, 'kiboko', 1),
(736, 'kiboko', 1),
(737, 'kiboko', 1),
(738, 'kiboko', 1),
(739, 'kiboko', 1),
(740, 'kiboko', 1),
(741, 'kiboko', 1),
(742, 'kiboko', 1),
(743, 'kiboko', 1),
(744, 'kiboko', 1),
(745, 'kiboko', 1),
(746, 'kiboko', 1),
(747, 'kiboko', 1),
(748, 'kiboko', 1),
(749, 'kiboko', 1),
(750, 'kiboko', 1),
(751, 'kiboko', 1),
(752, 'kiboko', 1),
(753, 'kiboko', 1),
(754, 'kiboko', 1),
(755, 'kiboko', 12),
(756, 'kiboko', 12),
(757, 'kiboko', 12),
(758, 'kiboko', 12),
(759, 'kiboko', 12),
(760, 'kiboko', 12),
(761, 'kiboko', 12),
(762, 'kiboko', 12),
(763, 'kiboko', 12),
(764, 'kiboko', 12),
(765, 'kiboko', 12),
(766, 'kiboko', 12),
(767, 'kiboko', 12),
(768, 'kiboko', 12),
(769, 'kiboko', 12),
(770, 'kiboko', 12),
(771, 'kiboko', 12),
(772, 'kiboko', 12),
(773, 'kiboko', 12),
(774, 'kiboko', 12),
(775, 'kiboko', 12),
(776, 'kiboko', 12),
(777, 'kiboko', 12),
(778, 'kiboko', 12),
(779, 'kiboko', 12),
(780, 'kiboko', 12),
(781, 'kiboko', 12),
(782, 'kiboko', 12),
(783, 'kiboko', 12),
(784, 'kiboko', 12),
(785, 'kiboko', 12),
(786, 'kiboko', 12),
(787, 'kiboko', 12),
(788, 'kiboko', 12),
(789, 'kiboko', 12),
(790, 'kiboko', 12),
(791, 'kiboko', 12),
(792, 'kiboko', 12),
(793, 'kiboko', 12),
(794, 'kiboko', 12),
(795, 'kiboko', 12),
(796, 'kiboko', 12),
(797, 'kiboko', 12),
(798, 'kiboko', 12),
(799, 'kiboko', 12),
(800, 'kiboko', 12),
(801, 'kiboko', 12),
(802, 'kiboko', 12),
(803, 'kiboko', 12),
(804, 'kiboko', 12),
(805, 'kiboko', 12),
(806, 'kiboko', 12),
(807, 'kiboko', 12),
(808, 'kiboko', 12),
(809, 'kiboko', 12),
(810, 'kiboko', 12),
(811, 'kiboko', 12),
(812, 'kiboko', 12),
(813, 'kiboko', 12),
(814, 'kiboko', 12),
(815, 'kiboko', 12),
(816, 'kiboko', 12),
(817, 'kiboko', 12),
(818, 'kiboko', 12),
(819, 'kiboko', 12),
(820, 'kiboko', 12),
(821, 'kiboko', 12),
(822, 'kiboko', 12),
(823, 'kiboko', 12),
(824, 'kiboko', 12),
(825, 'kiboko', 12),
(826, 'kiboko', 12),
(827, 'kiboko', 12),
(828, 'kiboko', 12),
(829, 'kiboko', 12),
(830, 'kiboko', 12),
(831, 'kiboko', 12),
(832, 'kiboko', 12),
(833, 'kiboko', 12),
(834, 'kiboko', 12),
(835, 'kiboko', 12),
(836, 'kiboko', 12),
(837, 'kiboko', 12),
(838, 'kiboko', 12),
(839, 'kiboko', 12),
(840, 'kiboko', 12),
(841, 'kiboko', 12),
(842, 'kiboko', 12),
(843, 'kiboko', 12),
(844, 'kiboko', 12),
(845, 'kiboko', 12),
(846, 'kiboko', 12),
(847, 'kiboko', 12),
(848, 'kiboko', 12),
(849, 'kiboko', 12),
(850, 'kiboko', 12),
(851, 'kiboko', 12),
(852, 'kiboko', 12),
(853, 'kiboko', 12),
(854, 'kiboko', 12),
(855, 'kiboko', 12),
(856, 'kiboko', 12),
(857, 'kiboko', 12),
(858, 'kiboko', 12),
(859, 'kiboko', 12),
(860, 'kiboko', 12),
(861, 'kiboko', 12),
(862, 'kiboko', 12),
(863, 'kiboko', 12),
(864, 'kiboko', 12),
(865, 'kiboko', 12),
(866, 'kiboko', 12),
(867, 'kiboko', 12),
(868, 'kiboko', 12),
(869, 'kiboko', 12),
(870, 'kiboko', 12),
(871, 'kiboko', 12),
(872, 'kiboko', 12),
(873, 'kiboko', 12),
(874, 'kiboko', 12),
(875, 'kiboko', 12),
(876, 'kiboko', 12),
(877, 'kiboko', 12),
(878, 'kiboko', 12),
(879, 'kiboko', 12),
(880, 'kiboko', 12),
(881, 'kiboko', 12),
(882, 'kiboko', 12),
(883, 'kiboko', 12),
(884, 'kiboko', 12),
(885, 'kiboko', 12),
(886, 'kiboko', 12),
(887, 'kiboko', 12),
(888, 'kiboko', 12),
(889, 'kiboko', 12),
(890, 'kiboko', 12),
(891, 'kiboko', 12),
(892, 'kiboko', 12),
(893, 'kiboko', 12),
(894, 'kiboko', 12),
(895, 'kiboko', 12),
(896, 'kiboko', 12),
(897, 'kiboko', 12),
(898, 'kiboko', 12),
(899, 'kiboko', 12),
(900, 'kiboko', 12),
(901, 'kiboko', 12),
(902, 'kiboko', 12),
(903, 'kiboko', 12),
(904, 'kiboko', 12),
(905, 'kiboko', 12),
(906, 'kiboko', 12),
(907, 'kiboko', 12),
(908, 'kiboko', 12),
(909, 'kiboko', 12),
(910, 'kiboko', 12),
(911, 'kiboko', 12),
(912, 'kiboko', 12),
(913, 'kiboko', 12),
(914, 'kiboko', 12),
(915, 'kiboko', 12),
(916, 'kiboko', 12),
(917, 'kiboko', 12),
(918, 'kiboko', 12);

-- --------------------------------------------------------

--
-- Table structure for table `income`
--

CREATE TABLE `income` (
  `id` bigint UNSIGNED NOT NULL,
  `sourceAmountId` bigint NOT NULL,
  `IncomeCategoryId` bigint NOT NULL,
  `currId` bigint NOT NULL,
  `date` date NOT NULL,
  `userId` bigint NOT NULL
) ENGINE=InnoDB DEFAULT CHARSET=utf8 COLLATE=utf8_general_ci;

--
-- Dumping data for table `income`
--

INSERT INTO `income` (`id`, `sourceAmountId`, `IncomeCategoryId`, `currId`, `date`, `userId`) VALUES
(1, 1, 1, 1, '2025-02-10', 1),
(2, 2, 2, 1, '2025-03-15', 2),
(3, 3, 3, 1, '2025-03-15', 2),
(4, 4, 4, 1, '2025-03-15', 2),
(5, 5, 5, 1, '2025-03-15', 17),
(6, 6, 6, 1, '2025-03-15', 17),
(7, 1, 1, 1, '2025-03-15', 20),
(8, 7, 7, 1, '2025-03-15', 20),
(9, 9, 9, 1, '2025-03-15', 20),
(10, 10, 10, 1, '2025-03-16', 2),
(11, 11, 11, 1, '2025-03-16', 20),
(12, 12, 12, 1, '2025-03-16', 20),
(13, 17, 17, 1, '2025-03-18', 20),
(14, 18, 18, 1, '2025-03-18', 20),
(15, 19, 19, 1, '2025-03-18', 20),
(16, 22, 22, 1, '2025-03-18', 20),
(17, 23, 23, 1, '2025-03-18', 20),
(18, 28, 28, 1, '2025-03-18', 20),
(19, 29, 29, 1, '2025-03-18', 20),
(20, 30, 30, 1, '2025-03-18', 20),
(21, 31, 31, 1, '2025-03-18', 20),
(22, 32, 32, 1, '2025-03-18', 20),
(23, 34, 34, 1, '2025-03-18', 20),
(24, 35, 35, 1, '2025-03-18', 20),
(25, 38, 38, 1, '2025-03-18', 20),
(26, 39, 39, 1, '2025-03-18', 20),
(27, 42, 42, 1, '2025-03-18', 20),
(28, 43, 43, 1, '2025-03-18', 20),
(29, 44, 44, 1, '2025-03-19', 22),
(30, 45, 45, 1, '2025-03-19', 22),
(31, 46, 46, 1, '2025-03-19', 19),
(32, 48, 48, 1, '2025-03-19', 20),
(33, 49, 49, 1, '2025-03-19', 20),
(34, 50, 50, 1, '2025-03-19', 20),
(35, 51, 51, 1, '2025-03-19', 20),
(36, 55, 55, 1, '2025-03-19', 19),
(37, 56, 56, 1, '2025-03-19', 19),
(38, 57, 57, 1, '2025-03-19', 19);

-- --------------------------------------------------------

--
-- Table structure for table `incomeCategory`
--

CREATE TABLE `incomeCategory` (
  `id` bigint UNSIGNED NOT NULL,
  `incomeName` varchar(255) NOT NULL
) ENGINE=InnoDB DEFAULT CHARSET=utf8 COLLATE=utf8_general_ci;

--
-- Dumping data for table `incomeCategory`
--

INSERT INTO `incomeCategory` (`id`, `incomeName`) VALUES
(1, 'foul'),
(2, 'work'),
(3, 'stipend'),
(4, 'paid debt'),
(5, 'Wolt'),
(6, 'Wolt'),
(7, 'testUST'),
(8, 'ust'),
(9, 'test'),
(10, 'bounty'),
(11, 'Monopoly'),
(12, 'Monopoly'),
(13, 'kkk'),
(14, 'Hot wings'),
(15, 'tako'),
(16, 'tako'),
(17, 'test'),
(18, 'tako'),
(19, 'tako'),
(20, 'tako kubwa'),
(21, 'tako'),
(22, 'test'),
(23, 'test18 from 20'),
(24, 'tako'),
(25, 'test'),
(26, 'tako'),
(27, 'tako'),
(28, 'tako'),
(29, 'tako'),
(30, 'tako'),
(31, 'tako'),
(32, 'tako kubwa'),
(33, 'test'),
(34, 'test'),
(35, 'test'),
(36, 'test'),
(37, 'test'),
(38, 'test'),
(39, 'test18 from 20'),
(40, 'tt'),
(41, '2'),
(42, 'tako'),
(43, '12'),
(45, 'null'),
(46, 'Work'),
(47, 'test'),
(48, 'test'),
(49, 'test'),
(50, 'test'),
(51, 'test'),
(52, 'test'),
(53, 'test'),
(54, 'test'),
(55, 'test'),
(56, 'test'),
(57, 'ff');

-- --------------------------------------------------------

--
-- Table structure for table `incomeSource`
--

CREATE TABLE `incomeSource` (
  `id` bigint UNSIGNED NOT NULL,
  `sourceName` varchar(255) NOT NULL,
  `amount` bigint NOT NULL
) ENGINE=InnoDB DEFAULT CHARSET=utf8 COLLATE=utf8_general_ci;

--
-- Dumping data for table `incomeSource`
--

INSERT INTO `incomeSource` (`id`, `sourceName`, `amount`) VALUES
(1, 'foul', 100),
(2, 'wolt', 27000),
(3, 'stipend', 40000),
(4, 'debt', 12000),
(5, 'Wolt', 25000),
(6, 'Wolt', 25000),
(7, 'testUST', 100),
(8, 'test', 1),
(9, 'test', 100),
(10, 'joe-s bounty', 10000),
(11, 'Mandazi', 100000),
(12, 'Mandazi', 10000),
(13, 'kimani', 90),
(14, 'Aviator', 1000),
(15, 'tako', 10000),
(16, 'tako', 1000),
(17, 'test', 100),
(18, 'tako', 100),
(19, 'tako', 100),
(20, 'tako kubwa', 1000),
(21, 'tako', 100),
(22, 'test', 100),
(23, 'test19 from 20', 100),
(24, 'test', 3),
(25, 'test', 100),
(26, 'tako', 100),
(27, 'tako', 100),
(28, 'tako', 100),
(29, 'tako', 1),
(30, 'tako', 1),
(31, 'tako', 9),
(32, 'tako kubwa', 1),
(33, 'test', 1),
(34, 'test', 1),
(35, 'tako kubwa', 9),
(36, 'test', 1),
(37, 'test', 1),
(38, 'test', 20),
(39, 'test19 from 20', 1),
(40, 'tt', 44),
(41, 'tako', 2),
(42, 'tako', 2),
(43, 'tako', 12),
(45, 'null', 10),
(46, 'Wolt', 1),
(47, 'test', 12),
(48, 'test', 12),
(49, 'test', 22),
(50, 'test', 22),
(51, 'test', 12),
(52, 'test20', 1),
(53, 'test', 1),
(54, 'test', 19),
(55, 'Wolt', 1),
(56, 'test', 20),
(57, 'Wolt', 10);

-- --------------------------------------------------------

--
-- Table structure for table `liabilities`
--

CREATE TABLE `liabilities` (
  `id` bigint UNSIGNED NOT NULL,
  `dateDue` date NOT NULL,
  `liabilityCategoryId` bigint NOT NULL,
  `userId` bigint NOT NULL
) ENGINE=InnoDB DEFAULT CHARSET=utf8 COLLATE=utf8_general_ci;

--
-- Dumping data for table `liabilities`
--

INSERT INTO `liabilities` (`id`, `dateDue`, `liabilityCategoryId`, `userId`) VALUES
(1, '2025-03-15', 1, 2),
(2, '2025-03-15', 2, 2),
(3, '2025-03-15', 3, 20),
(4, '2025-03-16', 4, 2),
(5, '2025-03-19', 20, 22);

-- --------------------------------------------------------

--
-- Table structure for table `liabilitiesCategory`
--

CREATE TABLE `liabilitiesCategory` (
  `id` bigint UNSIGNED NOT NULL,
  `liabilityName` varchar(255) NOT NULL,
  `grossAmount` bigint NOT NULL,
  `remainingAmount` bigint NOT NULL
) ENGINE=InnoDB DEFAULT CHARSET=utf8 COLLATE=utf8_general_ci;

--
-- Dumping data for table `liabilitiesCategory`
--

INSERT INTO `liabilitiesCategory` (`id`, `liabilityName`, `grossAmount`, `remainingAmount`) VALUES
(1, 'house rent', 1000000, 600000),
(2, 'fake bill', 1200000, 7888888),
(3, 'test', 100, 90),
(4, 'unknwn', 100, 100),
(5, 'Deni', 0, 0),
(6, 'Deni', 0, 0),
(7, 'Deni', 0, 0),
(8, 'Deni', 0, 0),
(9, 'Deni', 0, 0),
(10, 'Deni', 0, 0),
(11, 'Deni', 0, 0),
(12, 'Deni', 0, 0),
(13, 'Deni', 0, 0),
(14, 'Deni', 0, 0),
(15, 'Deni', 0, 0),
(16, 'Deni', 0, 0),
(17, 'Deni', 0, 0),
(18, 'Deni', 0, 0),
(19, 'tako', 100, 100),
(20, '10', 10, 10);

-- --------------------------------------------------------

--
-- Table structure for table `user`
--

CREATE TABLE `user` (
  `id` bigint UNSIGNED NOT NULL,
  `email` varchar(255) NOT NULL,
  `phone` bigint NOT NULL,
  `region` varchar(255) NOT NULL,
  `currency` varchar(12) NOT NULL,
  `userName` varchar(255) NOT NULL,
  `password` varchar(255) NOT NULL,
  `ustoken` varchar(255) NOT NULL,
  `session` tinyint(1) NOT NULL
) ENGINE=InnoDB DEFAULT CHARSET=utf8 COLLATE=utf8_general_ci;

--
-- Dumping data for table `user`
--

INSERT INTO `user` (`id`, `email`, `phone`, `region`, `currency`, `userName`, `password`, `ustoken`, `session`) VALUES
(0, 'fo.nyabuto@gmail.com', 1234567890, 'default_rUnited States of America', '', 'default', 'ebbb496554d61335d0a15980afb5869ce5cfbc1ee960670f6fba7ced4586dc80', '', 0),
(1, 'nyabutofelix@outlook.com', 100909208, 'Hungary', 'HUF', 'pecs', 'cc1002aa602d882478ea77a288776ba3b96d735169b19805734d35a619b5e647', 'ecfb3812798e535ad07a3237a4580fb70fb82acba0b47d32c95b9da2b3f51b80', 0),
(2, 'nyabutofelix@outlook.com', 909090909, 'Kenya', 'KES', 'pecs1', 'cc1002aa602d882478ea77a288776ba3b96d735169b19805734d35a619b5e647', 'b4b1de7352942a9787e9211934848925b28f2e8fee7b39974f432a4916e338c4', 0),
(3, 'unless@gmail10p.com', 1230987654, 'Hungary', 'HUF', 'pecs2', 'cc1002aa602d882478ea77a288776ba3b96d735169b19805734d35a619b5e647', '', 0),
(5, 'unless@gmail10p.com', 1230987654, 'Hungary', 'HUF', 'pecs3', 'cc1002aa602d882478ea77a288776ba3b96d735169b19805734d35a619b5e647', '', 0),
(6, 'email@email.com', 100909202, 'Hungary', 'HUF', 'testapi', 'f9d37f53632c47beb17987210f06121f427891e361093b2fe64ee9b7bfb7ff48', '', 0),
(7, 'lunless@gmail10p.com', 1230987656, 'Hungary', 'HUF', 'pecs5', 'cc1002aa602d882478ea77a288776ba3b96d735169b19805734d35a619b5e647', '', 0),
(9, 'unless@gmail10l.com', 1230987651, 'Hungary', 'HUF', 'pecs33', 'cc1002aa602d882478ea77a288776ba3b96d735169b19805734d35a619b5e647', '8b68d02b58f7e9c228e4127fdf823712fca9742be2f59f421dafc467ad6d3eddac', 1),
(10, 'unless@gmail10.com', 1230987650, 'Hungary', 'HUF', 'pecs5', 'cc1002aa602d882478ea77a288776ba3b96d735169b19805734d35a619b5e647', '', 0),
(11, 'email@emajjil.com', 100900902, 'Hungary', 'HUF', 'testa1', 'f9d37f53632c47beb17987210f06121f427891e361093b2fe64ee9b7bfb7ff48', '', 0),
(12, 'email@adam.com', 100900911, 'Hungary', 'HUF', 'man', 'f9d37f53632c47beb17987210f06121f427891e361093b2fe64ee9b7bfb7ff48', '', 0),
(13, 'test@usser.com', 1230987677, 'Hungary', 'HUF', 'pecs6', 'cc1002aa602d882478ea77a288776ba3b96d735169b19805734d35a619b5e647', '', 0),
(14, 'test@usser.com', 1230987677, 'Hungary', 'HUF', 'pecs6', 'cc1002aa602d882478ea77a288776ba3b96d735169b19805734d35a619b5e647', '', 0),
(15, 'unless@gmai3p.com', 1230986667, 'Hungary', 'HUF', 'pecs7', 'cc1002aa602d882478ea77a288776ba3b96d735169b19805734d35a619b5e647', '', 0),
(16, 'romeo@gmail.com', 1238900911, 'Hungary', 'HUF', 'romeos', 'cc1002aa602d882478ea77a288776ba3b96d735169b19805734d35a619b5e647', '', 0),
(17, 'lesalonstevens@gmail.com', 1234567891, 'Kenya', 'KES', 'vidman', 'ef797c8118f02dfb649607dd5d3f8c7623048c9c063d532cc95c5ed7a898a64f', '', 0),
(19, 'unless@gmails10p.com', 1230987990, 'Hungary', 'HUF', 'pecs88', 'pecs88', 'bce3772929e1be61c64a2f29de1004a13f042bf6be71c0255db0bdd97a5ca23e', 1),
(20, 'nyabutofelix@outlook.com', 793374438, 'Hungary', 'HUF', 'nyabuto', 'Fwtlahapl.123', '65fd444e8b69200bfe7f4a1dc01f296d549c206f4eb2115c32001dc39c1e93dd', 1),
(21, 'test@tt.com', 9898989898, 'Hungary', 'HUF', 'testt', 'ebbb496554d61335d0a15980afb5869ce5cfbc1ee960670f6fba7ced4586dc80', 'bdd8a07c295e11292575d89194c2016853259edc00021d164b56a96c5316d2a7', 0),
(22, 'testis@gmail.com', 8888888888, 'Hungary', 'HUF', 'testis', 'nMfgY^xhqcf6*Ke', '4537ee9de0bf2479499075eb884231267539bb5549229d820a87262ded262fa1', 1),
(23, 'testis80@gmail.com', 9998887765, 'Kenya', 'KES', 'admin', 'nMfgY^xhqcf6*Ke', 'aa4107440dab087393d6d99c465c45854f77c47d16a9f9f7e2976b5cb19bcccb', 0);

--
-- Indexes for dumped tables
--

--
-- Indexes for table `assets`
--
ALTER TABLE `assets`
  ADD PRIMARY KEY (`id`);

--
-- Indexes for table `assetsCategory`
--
ALTER TABLE `assetsCategory`
  ADD PRIMARY KEY (`id`);

--
-- Indexes for table `currency`
--
ALTER TABLE `currency`
  ADD PRIMARY KEY (`id`);

--
-- Indexes for table `expenses`
--
ALTER TABLE `expenses`
  ADD PRIMARY KEY (`id`);

--
-- Indexes for table `expensesCategory`
--
ALTER TABLE `expensesCategory`
  ADD PRIMARY KEY (`id`);

--
-- Indexes for table `expensesPrice`
--
ALTER TABLE `expensesPrice`
  ADD PRIMARY KEY (`id`);

--
-- Indexes for table `income`
--
ALTER TABLE `income`
  ADD PRIMARY KEY (`id`);

--
-- Indexes for table `incomeCategory`
--
ALTER TABLE `incomeCategory`
  ADD PRIMARY KEY (`id`);

--
-- Indexes for table `incomeSource`
--
ALTER TABLE `incomeSource`
  ADD PRIMARY KEY (`id`);

--
-- Indexes for table `liabilities`
--
ALTER TABLE `liabilities`
  ADD PRIMARY KEY (`id`);

--
-- Indexes for table `liabilitiesCategory`
--
ALTER TABLE `liabilitiesCategory`
  ADD PRIMARY KEY (`id`);

--
-- Indexes for table `user`
--
ALTER TABLE `user`
  ADD PRIMARY KEY (`id`);

--
-- AUTO_INCREMENT for dumped tables
--

--
-- AUTO_INCREMENT for table `assets`
--
ALTER TABLE `assets`
  MODIFY `id` bigint UNSIGNED NOT NULL AUTO_INCREMENT, AUTO_INCREMENT=10;

--
-- AUTO_INCREMENT for table `assetsCategory`
--
ALTER TABLE `assetsCategory`
  MODIFY `id` bigint UNSIGNED NOT NULL AUTO_INCREMENT, AUTO_INCREMENT=9;

--
-- AUTO_INCREMENT for table `currency`
--
ALTER TABLE `currency`
  MODIFY `id` bigint UNSIGNED NOT NULL AUTO_INCREMENT;

--
-- AUTO_INCREMENT for table `expenses`
--
ALTER TABLE `expenses`
  MODIFY `id` bigint UNSIGNED NOT NULL AUTO_INCREMENT, AUTO_INCREMENT=39;

--
-- AUTO_INCREMENT for table `expensesCategory`
--
ALTER TABLE `expensesCategory`
  MODIFY `id` bigint UNSIGNED NOT NULL AUTO_INCREMENT, AUTO_INCREMENT=919;

--
-- AUTO_INCREMENT for table `expensesPrice`
--
ALTER TABLE `expensesPrice`
  MODIFY `id` bigint UNSIGNED NOT NULL AUTO_INCREMENT, AUTO_INCREMENT=919;

--
-- AUTO_INCREMENT for table `income`
--
ALTER TABLE `income`
  MODIFY `id` bigint UNSIGNED NOT NULL AUTO_INCREMENT, AUTO_INCREMENT=39;

--
-- AUTO_INCREMENT for table `incomeCategory`
--
ALTER TABLE `incomeCategory`
  MODIFY `id` bigint UNSIGNED NOT NULL AUTO_INCREMENT, AUTO_INCREMENT=58;

--
-- AUTO_INCREMENT for table `incomeSource`
--
ALTER TABLE `incomeSource`
  MODIFY `id` bigint UNSIGNED NOT NULL AUTO_INCREMENT, AUTO_INCREMENT=58;

--
-- AUTO_INCREMENT for table `liabilities`
--
ALTER TABLE `liabilities`
  MODIFY `id` bigint UNSIGNED NOT NULL AUTO_INCREMENT, AUTO_INCREMENT=6;

--
-- AUTO_INCREMENT for table `liabilitiesCategory`
--
ALTER TABLE `liabilitiesCategory`
  MODIFY `id` bigint UNSIGNED NOT NULL AUTO_INCREMENT, AUTO_INCREMENT=21;

--
-- AUTO_INCREMENT for table `user`
--
ALTER TABLE `user`
  MODIFY `id` bigint UNSIGNED NOT NULL AUTO_INCREMENT, AUTO_INCREMENT=24;
COMMIT;

/*!40101 SET CHARACTER_SET_CLIENT=@OLD_CHARACTER_SET_CLIENT */;
/*!40101 SET CHARACTER_SET_RESULTS=@OLD_CHARACTER_SET_RESULTS */;
/*!40101 SET COLLATION_CONNECTION=@OLD_COLLATION_CONNECTION */;
